24e9e15b-aa26-443f-947e-9af4865b97de,AUTH-001-FAST,SSH yanlış parola denemesi,CRITICAL,SSH brute force denemesi tespit edildi,,,2026-01-31T14:05:51+03:00,Jan 31 12:00:05 server sshd[1234]: Failed password for root from 192.168.1.100 port 22 ssh2,auth
b5fad732-22fc-4c0b-a4e0-bbf2fef194f9,AUTH-001-FAST,SSH yanlış parola denemesi,CRITICAL,SSH brute force denemesi tespit edildi,,,2026-01-31T14:09:36+03:00,Jan 31 12:00:05 server sshd[1234]: Failed password for root from 192.168.1.100 port 22 ssh2,auth
6def6240-b3ea-480c-bc77-20ad172e327d,AUTH-001-FAST,SSH yanlış parola denemesi,CRITICAL,SSH brute force denemesi tespit edildi,,,2026-01-31T14:10:00+03:00,"Feb 01 15:00:00 server sshd[1234]: Failed password for mustafa from 10.20.30.40 port 22 ssh2",auth
3c02ad94-6727-4612-9bd8-6b9b2501c0e1,AUTH-001-FAST,SSH yanlış parola denemesi,CRITICAL,SSH brute force denemesi tespit edildi,,,2026-01-31T14:10:00+03:00,"Feb 01 15:00:00 server sshd[1234]: Failed password for mustafa from 10.20.30.40 port 22 ssh2",auth
0392b703-5249-4ee0-9135-f69185539bef,AUTH-001-FAST,SSH yanlış parola denemesi,CRITICAL,SSH brute force denemesi tespit edildi,,,2026-01-31T14:10:00+03:00,"Feb 01 15:00:00 server sshd[1234]: Failed password for mustafa from 10.20.30.40 port 22 ssh2",auth
db3decac-6546-46fc-a14e-b899ab0f24f0,AUTH-001-FAST,SSH yanlış parola denemesi,CRITICAL,SSH brute force denemesi tespit edildi,,,2026-01-31T14:10:00+03:00,"Feb 01 15:00:00 server sshd[1234]: Failed password for mustafa from 10.20.30.40 port 22 ssh2",auth
6768f2e2-ee99-4151-91db-b359a3db479f,AUTH-001-SLOW,SSH yanlış parola denemesi,CRITICAL,SSH brute force denemesi tespit edildi,,,2026-01-31T14:10:23+03:00,"Jan 31 12:00:02 server sshd[1234]: Failed password for root from 192.168.1.100 port 22 ssh2",auth
b26a0761-491e-4dc2-bf92-80fe73f3d5e5,AUTH-001-FAST,SSH yanlış parola denemesi,CRITICAL,SSH brute force denemesi tespit edildi,,,2026-01-31T14:10:23+03:00,"Jan 31 12:00:03 server sshd[1234]: Failed password for root from 192.168.1.100 port 22 ssh2",auth
9449be61-8b95-4e77-99e2-cca9794c757c,AUTH-001-FAST,SSH yanlış parola denemesi,CRITICAL,SSH brute force denemesi tespit edildi,,,2026-01-31T14:10:23+03:00,"Feb 01 15:00:00 server sshd[1234]: Failed password for mustafa from 10.20.30.40 port 22 ssh2",auth
8b432e0f-04e1-4564-b003-cacd8cd32f48,AUTH-001-FAST,SSH yanlış parola denemesi,CRITICAL,SSH brute force denemesi tespit edildi,,,2026-01-31T14:10:23+03:00,"Feb 01 15:00:00 server sshd[1234]: Failed password for mustafa from 10.20.30.40 port 22 ssh2",auth
a088c6c4-662f-487f-b07a-6119dc4d1602,AUTH-001-FAST,SSH yanlış parola denemesi,CRITICAL,SSH brute force denemesi tespit edildi,,,2026-01-31T14:10:23+03:00,"Feb 01 15:00:00 server sshd[1234]: Failed password for mustafa from 10.20.30.40 port 22 ssh2",auth
c86d84b0-7816-414c-8d7f-5214ae00d37a,AUTH-001-FAST,SSH yanlış parola denemesi,CRITICAL,SSH brute force denemesi tespit edildi,,,2026-01-31T14:10:23+03:00,"Feb 01 15:00:00 server sshd[1234]: Failed password for mustafa from 10.20.30.40 port 22 ssh2",auth
59d2c873-f0c0-421d-b377-1b892a835354,AUTH-001-FAST,SSH yanlış parola denemesi,CRITICAL,SSH brute force denemesi tespit edildi,192.168.1.100,root,2026-01-31T14:15:39+03:00,"Jan 31 12:00:05 server sshd[1234]: Failed password for root from 192.168.1.100 port 22 ssh2",auth
38533e7d-608d-4df6-801e-d01a4bb7bcb1,AUTH-001-FAST,SSH yanlış parola denemesi,CRITICAL,SSH brute force denemesi tespit edildi,10.20.30.40,mustafa,2026-01-31T14:15:39+03:00,"Feb 01 15:00:00 server sshd[1234]: Failed password for mustafa from 10.20.30.40 port 22 ssh2",auth
411590c5-b200-40ce-9d01-b72d4b22c7c9,AUTH-001-FAST,SSH yanlış parola denemesi,CRITICAL,SSH brute force denemesi tespit edildi,10.20.30.40,mustafa,2026-01-31T14:15:39+03:00,"Feb 01 15:00:00 server sshd[1234]: Failed password for mustafa from 10.20.30.40 port 22 ssh2",auth
fac940af-cc4e-461f-9913-a8510cf39b77,AUTH-001-FAST,SSH yanlış parola denemesi,CRITICAL,SSH brute force denemesi tespit edildi,10.20.30.40,mustafa,2026-01-31T14:15:39+03:00,"Feb 01 15:00:00 server sshd[1234]: Failed password for mustafa from 10.20.30.40 port 22 ssh2",auth
c340a265-e268-4541-88f6-75766a96fc8a,AUTH-001-FAST,SSH yanlış parola denemesi,CRITICAL,SSH brute force denemesi tespit edildi,10.20.30.40,mustafa,2026-01-31T14:15:39+03:00,"Feb 01 15:00:00 server sshd[1234]: Failed password for mustafa from 10.20.30.40 port 22 ssh2",auth
7364047d-add0-4d28-8b46-4c096bbb332e,AUTH-001-FAST,SSH yanlış parola denemesi,CRITICAL,SSH brute force denemesi tespit edildi,192.168.1.100,root,2026-01-31T14:33:30+03:00,"Jan 31 12:00:05 server sshd[1234]: Failed password for root from 192.168.1.100 port 22 ssh2",auth
5aa22e8c-dff7-44da-aea6-cef82753d7c0,AUTH-001-FAST,SSH yanlış parola denemesi,CRITICAL,SSH brute force denemesi tespit edildi,10.20.30.40,mustafa,2026-01-31T14:33:30+03:00,"Feb 01 15:00:00 server sshd[1234]: Failed password for mustafa from 10.20.30.40 port 22 ssh2",auth
30d4d197-d75f-4a89-8ac2-d1a177a704b8,AUTH-001-FAST,SSH yanlış parola denemesi,CRITICAL,SSH brute force denemesi tespit edildi,10.20.30.40,mustafa,2026-01-31T14:33:30+03:00,"Feb 01 15:00:00 server sshd[1234]: Failed password for mustafa from 10.20.30.40 port 22 ssh2",auth
5e6bf9fd-60b4-48bc-a87b-d3615195256c,AUTH-001-FAST,SSH yanlış parola denemesi,CRITICAL,SSH brute force denemesi tespit edildi,10.20.30.40,mustafa,2026-01-31T14:33:30+03:00,"Feb 01 15:00:00 server sshd[1234]: Failed password for mustafa from 10.20.30.40 port 22 ssh2",auth
7e641156-f688-4a64-95b1-cc7006606360,AUTH-001-FAST,SSH yanlış parola denemesi,CRITICAL,SSH brute force denemesi tespit edildi,10.20.30.40,mustafa,2026-01-31T14:33:30+03:00,"Feb 01 15:00:00 server sshd[1234]: Failed password for mustafa from 10.20.30.40 port 22 ssh2",auth
5fad8167-e87b-4977-ab9d-0e70b2fc776c,AUTH-001-FAST,SSH yanlış parola denemesi,CRITICAL,SSH brute force denemesi tespit edildi,192.168.1.100,root,2026-01-31T14:34:37+03:00,"Jan 31 12:00:05 server sshd[1234]: Failed password for root from 192.168.1.100 port 22 ssh2",auth
9a6f1f27-3c51-4b5c-a973-699f3f7eafc1,AUTH-001-SLOW,SSH yanlış parola denemesi,CRITICAL,SSH brute force denemesi tespit edildi,10.20.30.40,mustafa,2026-01-31T14:34:37+03:00,"Feb 01 15:00:00 server sshd[1234]: Failed password for mustafa from 10.20.30.40 port 22 ssh2",auth
0b4f3ba9-358b-4e67-9084-392655ca0106,AUTH-001-FAST,SSH yanlış parola denemesi,CRITICAL,SSH brute force denemesi tespit edildi,10.20.30.40,mustafa,2026-01-31T14:34:37+03:00,"Feb 01 15:00:00 server sshd[1234]: Failed password for mustafa from 10.20.30.40 port 22 ssh2",auth
10ddac16-8156-4b20-aecb-bd42446057b8,AUTH-001-FAST,SSH yanlış parola denemesi,CRITICAL,SSH brute force denemesi tespit edildi,10.20.30.40,mustafa,2026-01-31T14:34:37+03:00,"Feb 01 15:00:00 server sshd[1234]: Failed password for mustafa from 10.20.30.40 port 22 ssh2",auth
8f2cd025-a582-47ad-bb6e-340e5e31b788,AUTH-001-FAST,SSH yanlış parola denemesi,CRITICAL,SSH brute force denemesi tespit edildi,10.20.30.40,mustafa,2026-01-31T14:34:37+03:00,"Feb 01 15:00:00 server sshd[1234]: Failed password for mustafa from 10.20.30.40 port 22 ssh2",auth
3ef0b524-4137-4919-aeb7-1fe56a0315d8,AUTH-001-FAST,SSH yanlış parola denemesi,CRITICAL,SSH brute force denemesi tespit edildi,10.20.30.40,mustafa,2026-01-31T14:34:37+03:00,"Feb 01 15:00:00 server sshd[1234]: Failed password for mustafa from 10.20.30.40 port 22 ssh2",auth
8598d1a4-ff82-4c1a-80a2-8fac6b7974be,AUTH-001-FAST,SSH yanlış parola denemesi,CRITICAL,SSH brute force denemesi tespit edildi,192.168.1.100,root,2026-01-31T14:37:47+03:00,"Jan 31 12:00:05 server sshd[1234]: Failed password for root from 192.168.1.100 port 22 ssh2",auth
b69a50b7-74ed-46f3-a520-4b839ba6e811,AUTH-001-FAST,SSH yanlış parola denemesi,CRITICAL,SSH brute force denemesi tespit edildi,10.20.30.40,mustafa,2026-01-31T14:37:47+03:00,"Feb 01 15:00:00 server sshd[1234]: Failed password for mustafa from 10.20.30.40 port 22 ssh2",auth
d971c13d-bec7-44e3-9629-71ab1a3ffb42,AUTH-001-FAST,SSH yanlış parola denemesi,CRITICAL,SSH brute force denemesi tespit edildi,10.20.30.40,mustafa,2026-01-31T14:37:47+03:00,"Feb 01 15:00:00 server sshd[1234]: Failed password for mustafa from 10.20.30.40 port 22 ssh2",auth
af71675e-4421-4553-b9f3-7a7af3d6af4b,AUTH-001-FAST,SSH yanlış parola denemesi,CRITICAL,SSH brute force denemesi tespit edildi,10.20.30.40,mustafa,2026-01-31T14:37:47+03:00,"Feb 01 15:00:00 server sshd[1234]: Failed password for mustafa from 10.20.30.40 port 22 ssh2",auth
94381dd7-5193-48ac-8241-1f74406d9437,AUTH-001-FAST,SSH yanlış parola denemesi,CRITICAL,SSH brute force denemesi tespit edildi,10.20.30.40,mustafa,2026-01-31T14:37:47+03:00,"Feb 01 15:00:00 server sshd[1234]: Failed password for mustafa from 10.20.30.40 port 22 ssh2",auth
54a2dbfd-22ca-411d-b5a3-dfc3881da73f,AUTH-001-FAST,SSH yanlış parola denemesi,CRITICAL,SSH brute force denemesi tespit edildi,192.168.1.100,root,2026-01-31T14:37:55+03:00,"Jan 31 12:00:05 server sshd[1234]: Failed password for root from 192.168.1.100 port 22 ssh2",auth
58229738-df4d-4b2a-8b3f-d9c251253d09,AUTH-001-SLOW,SSH yanlış parola denemesi,CRITICAL,SSH brute force denemesi tespit edildi,10.20.30.40,mustafa,2026-01-31T14:37:55+03:00,"Feb 01 15:00:00 server sshd[1234]: Failed password for mustafa from 10.20.30.40 port 22 ssh2",auth
b192106f-408c-4555-b298-7eaa5c9ed7a5,AUTH-001-FAST,SSH yanlış parola denemesi,CRITICAL,SSH brute force denemesi tespit edildi,10.20.30.40,mustafa,2026-01-31T14:37:55+03:00,"Feb 01 15:00:00 server sshd[1234]: Failed password for mustafa from 10.20.30.40 port 22 ssh2",auth
86492815-6b54-4363-ac03-1b63dd036f73,AUTH-001-FAST,SSH yanlış parola denemesi,CRITICAL,SSH brute force denemesi tespit edildi,10.20.30.40,mustafa,2026-01-31T14:37:55+03:00,"Feb 01 15:00:00 server sshd[1234]: Failed password for mustafa from 10.20.30.40 port 22 ssh2",auth
88ecc8e1-aed1-4556-8e66-389dac1cc710,AUTH-001-FAST,SSH yanlış parola denemesi,CRITICAL,SSH brute force denemesi tespit edildi,10.20.30.40,mustafa,2026-01-31T14:37:55+03:00,"Feb 01 15:00:00 server sshd[1234]: Failed password for mustafa from 10.20.30.40 port 22 ssh2",auth
e0683213-1399-4536-8bda-49fe8fa825d0,AUTH-001-FAST,SSH yanlış parola denemesi,CRITICAL,SSH brute force denemesi tespit edildi,10.20.30.40,mustafa,2026-01-31T14:37:55+03:00,"Feb 01 15:00:00 server sshd[1234]: Failed password for mustafa from 10.20.30.40 port 22 ssh2",auth
f541d5c3-4d66-49a5-ba3d-41d4eda89216,AUTH-001-FAST,SSH yanlış parola denemesi,CRITICAL,SSH brute force denemesi tespit edildi,192.168.1.100,root,2026-01-31T14:38:15+03:00,"Jan 31 12:00:05 server sshd[1234]: Failed password for root from 192.168.1.100 port 22 ssh2",auth
ed115437-efdd-4edf-82f8-b516d63cf318,AUTH-001-FAST,SSH yanlış parola denemesi,CRITICAL,SSH brute force denemesi tespit edildi,10.20.30.40,mustafa,2026-01-31T14:38:15+03:00,"Feb 01 15:00:00 server sshd[1234]: Failed password for mustafa from 10.20.30.40 port 22 ssh2",auth
ace0f5c3-a20d-4404-acae-ca1d48410ca7,AUTH-001-FAST,SSH yanlış parola denemesi,CRITICAL,SSH brute force denemesi tespit edildi,10.20.30.40,mustafa,2026-01-31T14:38:15+03:00,"Feb 01 15:00:00 server sshd[1234]: Failed password for mustafa from 10.20.30.40 port 22 ssh2",auth
fa30bff9-7c7b-459f-b656-1cf9d0a609d8,AUTH-001-FAST,SSH yanlış parola denemesi,CRITICAL,SSH brute force denemesi tespit edildi,10.20.30.40,mustafa,2026-01-31T14:38:15+03:00,"Feb 01 15:00:00 server sshd[1234]: Failed password for mustafa from 10.20.30.40 port 22 ssh2",auth
9cd337a2-e591-4956-8e42-3098107dd245,AUTH-001-FAST,SSH yanlış parola denemesi,CRITICAL,SSH brute force denemesi tespit edildi,10.20.30.40,mustafa,2026-01-31T14:38:15+03:00,"Feb 01 15:00:00 server sshd[1234]: Failed password for mustafa from 10.20.30.40 port 22 ssh2",auth
c99be24d-dd7b-4758-b937-979846ca2f12,AUTH-001-FAST,SSH yanlış parola denemesi,CRITICAL,SSH brute force denemesi tespit edildi,192.168.1.100,root,2026-01-31T14:38:46+03:00,"Jan 31 12:00:05 server sshd[1234]: Failed password for root from 192.168.1.100 port 22 ssh2",auth
6ab2e39a-72d6-4930-9c44-b9464c3198b9,AUTH-001-SLOW,SSH yanlış parola denemesi,CRITICAL,SSH brute force denemesi tespit edildi,10.20.30.40,mustafa,2026-01-31T14:38:46+03:00,"Feb 01 15:00:00 server sshd[1234]: Failed password for mustafa from 10.20.30.40 port 22 ssh2",auth
e0bae130-4d02-4085-86fc-75ff205689b3,AUTH-001-FAST,SSH yanlış parola denemesi,CRITICAL,SSH brute force denemesi tespit edildi,10.20.30.40,mustafa,2026-01-31T14:38:46+03:00,"Feb 01 15:00:00 server sshd[1234]: Failed password for mustafa from 10.20.30.40 port 22 ssh2",auth
864793c0-5921-4935-8d08-accbdfac3a6f,AUTH-001-FAST,SSH yanlış parola denemesi,CRITICAL,SSH brute force denemesi tespit edildi,10.20.30.40,mustafa,2026-01-31T14:38:46+03:00,"Feb 01 15:00:00 server sshd[1234]: Failed password for mustafa from 10.20.30.40 port 22 ssh2",auth
c1fa5362-04dd-4499-9fd8-5a14ca5b633a,AUTH-001-FAST,SSH yanlış parola denemesi,CRITICAL,SSH brute force denemesi tespit edildi,10.20.30.40,mustafa,2026-01-31T14:38:46+03:00,"Feb 01 15:00:00 server sshd[1234]: Failed password for mustafa from 10.20.30.40 port 22 ssh2",auth
56c32cee-c689-41e3-9299-aeb4fc4cf8d2,AUTH-001-FAST,SSH yanlış parola denemesi,CRITICAL,SSH brute force denemesi tespit edildi,10.20.30.40,mustafa,2026-01-31T14:38:46+03:00,"Feb 01 15:00:00 server sshd[1234]: Failed password for mustafa from 10.20.30.40 port 22 ssh2",auth
908de038-7e7b-4da7-8138-da9b81889c91,AUTH-001-FAST,SSH yanlış parola denemesi,CRITICAL,SSH brute force denemesi tespit edildi,192.168.1.100,root,2026-01-31T14:39:40+03:00,"Jan 31 12:00:05 server sshd[1234]: Failed password for root from 192.168.1.100 port 22 ssh2",auth
09bcde8a-af6e-41cf-852e-f5132e7e98fe,AUTH-001-FAST,SSH yanlış parola denemesi,CRITICAL,SSH brute force denemesi tespit edildi,10.20.30.40,mustafa,2026-01-31T14:39:40+03:00,"Feb 01 15:00:00 server sshd[1234]: Failed password for mustafa from 10.20.30.40 port 22 ssh2",auth
292124e4-7f43-4749-b614-341cb329f918,AUTH-001-FAST,SSH yanlış parola denemesi,CRITICAL,SSH brute force denemesi tespit edildi,10.20.30.40,mustafa,2026-01-31T14:39:40+03:00,"Feb 01 15:00:00 server sshd[1234]: Failed password for mustafa from 10.20.30.40 port 22 ssh2",auth
65854c43-9976-43ab-b364-e7f20eb5b06d,AUTH-001-FAST,SSH yanlış parola denemesi,CRITICAL,SSH brute force denemesi tespit edildi,10.20.30.40,mustafa,2026-01-31T14:39:40+03:00,"Feb 01 15:00:00 server sshd[1234]: Failed password for mustafa from 10.20.30.40 port 22 ssh2",auth
74e0086e-fe2e-40fa-8f32-d212ac156efb,AUTH-001-FAST,SSH yanlış parola denemesi,CRITICAL,SSH brute force denemesi tespit edildi,10.20.30.40,mustafa,2026-01-31T14:39:40+03:00,"Feb 01 15:00:00 server sshd[1234]: Failed password for mustafa from 10.20.30.40 port 22 ssh2",auth
2e3c5259-7b87-4f5e-a764-65f24881aef6,AUTH-001-FAST,SSH yanlış parola denemesi,CRITICAL,SSH brute force denemesi tespit edildi,192.168.1.100,root,2026-01-31T14:41:09+03:00,"Jan 31 12:00:05 server sshd[1234]: Failed password for root from 192.168.1.100 port 22 ssh2",auth
0fa1ca50-525f-411c-8c05-32d1c6d7a1a6,AUTH-001-SLOW,SSH yanlış parola denemesi,CRITICAL,SSH brute force denemesi tespit edildi,10.20.30.40,mustafa,2026-01-31T14:41:09+03:00,"Feb 01 15:00:00 server sshd[1234]: Failed password for mustafa from 10.20.30.40 port 22 ssh2",auth
cda5a8fe-68eb-412c-b255-3ea67305c4aa,AUTH-001-FAST,SSH yanlış parola denemesi,CRITICAL,SSH brute force denemesi tespit edildi,10.20.30.40,mustafa,2026-01-31T14:41:09+03:00,"Feb 01 15:00:00 server sshd[1234]: Failed password for mustafa from 10.20.30.40 port 22 ssh2",auth
6a312f70-0434-40cc-b113-44468f1c522d,AUTH-001-FAST,SSH yanlış parola denemesi,CRITICAL,SSH brute force denemesi tespit edildi,10.20.30.40,mustafa,2026-01-31T14:41:09+03:00,"Feb 01 15:00:00 server sshd[1234]: Failed password for mustafa from 10.20.30.40 port 22 ssh2",auth
74e8bb43-ab41-48b3-8982-ada1b2353508,AUTH-001-FAST,SSH yanlış parola denemesi,CRITICAL,SSH brute force denemesi tespit edildi,10.20.30.40,mustafa,2026-01-31T14:41:09+03:00,"Feb 01 15:00:00 server sshd[1234]: Failed password for mustafa from 10.20.30.40 port 22 ssh2",auth
ad4dd944-e58a-4a73-a796-e0f5e6f9372a,AUTH-001-FAST,SSH yanlış parola denemesi,CRITICAL,SSH brute force denemesi tespit edildi,10.20.30.40,mustafa,2026-01-31T14:41:09+03:00,"Feb 01 15:00:00 server sshd[1234]: Failed password for mustafa from 10.20.30.40 port 22 ssh2",auth
c447fef7-18b6-48ad-acca-1e843f238ee5,AUTH-001-FAST,SSH yanlış parola denemesi,CRITICAL,SSH brute force denemesi tespit edildi,192.168.1.100,root,2026-01-31T14:42:16+03:00,"Jan 31 12:00:05 server sshd[1234]: Failed password for root from 192.168.1.100 port 22 ssh2",auth
31ff9816-4e87-4182-8aae-4db7c3aa794e,AUTH-001-FAST,SSH yanlış parola denemesi,CRITICAL,SSH brute force denemesi tespit edildi,10.20.30.40,mustafa,2026-01-31T14:42:16+03:00,"Feb 01 15:00:00 server sshd[1234]: Failed password for mustafa from 10.20.30.40 port 22 ssh2",auth
5e26f5e5-bea8-41aa-98bf-60ca73cb34b8,AUTH-001-SLOW,SSH yanlış parola denemesi,CRITICAL,SSH brute force denemesi tespit edildi,10.20.30.40,mustafa,2026-01-31T14:42:16+03:00,"Feb 01 15:00:00 server sshd[1234]: Failed password for mustafa from 10.20.30.40 port 22 ssh2",auth
c155436c-2c52-4b23-b483-b30157bb9080,AUTH-001-FAST,SSH yanlış parola denemesi,CRITICAL,SSH brute force denemesi tespit edildi,10.20.30.40,mustafa,2026-01-31T14:42:16+03:00,"Feb 01 15:00:00 server sshd[1234]: Failed password for mustafa from 10.20.30.40 port 22 ssh2",auth
9f035fbf-ebde-4ece-b142-355690c59152,AUTH-001-FAST,SSH yanlış parola denemesi,CRITICAL,SSH brute force denemesi tespit edildi,10.20.30.40,mustafa,2026-01-31T14:42:16+03:00,"Feb 01 15:00:00 server sshd[1234]: Failed password for mustafa from 10.20.30.40 port 22 ssh2",auth
d18029ca-1782-4a91-b970-1029d1cb8242,AUTH-001-FAST,SSH yanlış parola denemesi,CRITICAL,SSH brute force denemesi tespit edildi,10.20.30.40,mustafa,2026-01-31T14:42:16+03:00,"Feb 01 15:00:00 server sshd[1234]: Failed password for mustafa from 10.20.30.40 port 22 ssh2",auth
6c2d36aa-3a49-4842-81a1-5144457870b4,AUTH-001-FAST,SSH yanlış parola denemesi,CRITICAL,SSH brute force denemesi tespit edildi,10.20.30.40,mustafa,2026-01-31T14:42:16+03:00,"Feb 01 15:00:00 server sshd[1234]: Failed password for mustafa from 10.20.30.40 port 22 ssh2",auth
2310d531-49c0-4188-acac-e18ac95b6ca7,AUTH-001-FAST,SSH yanlış parola denemesi,CRITICAL,SSH brute force denemesi tespit edildi,192.168.1.100,root,2026-01-31T14:44:07+03:00,"Jan 31 12:00:05 server sshd[1234]: Failed password for root from 192.168.1.100 port 22 ssh2",auth
24427df9-30c7-4d91-bcdd-fc0d246077bc,AUTH-001-FAST,SSH yanlış parola denemesi,CRITICAL,SSH brute force denemesi tespit edildi,10.20.30.40,mustafa,2026-01-31T14:44:07+03:00,"Feb 01 15:00:00 server sshd[1234]: Failed password for mustafa from 10.20.30.40 port 22 ssh2",auth
42fc4d1c-17bf-4dfd-8e08-d8e75e851436,AUTH-001-FAST,SSH yanlış parola denemesi,CRITICAL,SSH brute force denemesi tespit edildi,10.20.30.40,mustafa,2026-01-31T14:44:07+03:00,"Feb 01 15:00:00 server sshd[1234]: Failed password for mustafa from 10.20.30.40 port 22 ssh2",auth
6e5224f5-ec4a-4e60-bb2e-7807a429d64a,AUTH-001-FAST,SSH yanlış parola denemesi,CRITICAL,SSH brute force denemesi tespit edildi,10.20.30.40,mustafa,2026-01-31T14:44:07+03:00,"Feb 01 15:00:00 server sshd[1234]: Failed password for mustafa from 10.20.30.40 port 22 ssh2",auth
6418df83-2cc5-4065-a872-777b97a7e2a8,AUTH-001-FAST,SSH yanlış parola denemesi,CRITICAL,SSH brute force denemesi tespit edildi,10.20.30.40,mustafa,2026-01-31T14:44:07+03:00,"Feb 01 15:00:00 server sshd[1234]: Failed password for mustafa from 10.20.30.40 port 22 ssh2",auth
75e41f83-f4c7-4709-85f0-ee642b9891a4,AUTH-001-FAST,SSH yanlış parola denemesi,CRITICAL,SSH brute force denemesi tespit edildi,192.168.1.100,root,2026-01-31T14:44:14+03:00,"Jan 31 12:00:05 server sshd[1234]: Failed password for root from 192.168.1.100 port 22 ssh2",auth
9e5517c8-b670-443c-89d1-b651eb63fbe2,AUTH-001-SLOW,SSH yanlış parola denemesi,CRITICAL,SSH brute force denemesi tespit edildi,10.20.30.40,mustafa,2026-01-31T14:44:14+03:00,"Feb 01 15:00:00 server sshd[1234]: Failed password for mustafa from 10.20.30.40 port 22 ssh2",auth
876ff918-e799-420d-ad90-c3d1c7fb9005,AUTH-001-FAST,SSH yanlış parola denemesi,CRITICAL,SSH brute force denemesi tespit edildi,10.20.30.40,mustafa,2026-01-31T14:44:14+03:00,"Feb 01 15:00:00 server sshd[1234]: Failed password for mustafa from 10.20.30.40 port 22 ssh2",auth
b597b21b-d439-4f34-8e65-f8ce7908d4fa,AUTH-001-FAST,SSH yanlış parola denemesi,CRITICAL,SSH brute force denemesi tespit edildi,10.20.30.40,mustafa,2026-01-31T14:44:14+03:00,"Feb 01 15:00:00 server sshd[1234]: Failed password for mustafa from 10.20.30.40 port 22 ssh2",auth
fbf71c72-8bbf-4093-bbef-6855e6f0ea04,AUTH-001-FAST,SSH yanlış parola denemesi,CRITICAL,SSH brute force denemesi tespit edildi,10.20.30.40,mustafa,2026-01-31T14:44:14+03:00,"Feb 01 15:00:00 server sshd[1234]: Failed password for mustafa from 10.20.30.40 port 22 ssh2",auth
a9748f19-d545-4e26-8bd2-db6df4484f36,AUTH-001-FAST,SSH yanlış parola denemesi,CRITICAL,SSH brute force denemesi tespit edildi,10.20.30.40,mustafa,2026-01-31T14:44:14+03:00,"Feb 01 15:00:00 server sshd[1234]: Failed password for mustafa from 10.20.30.40 port 22 ssh2",auth
fd89323f-565f-42e1-ad43-b3228831e77f,AUTH-001-FAST,SSH yanlış parola denemesi,CRITICAL,SSH brute force denemesi tespit edildi,192.168.1.100,root,2026-01-31T14:45:58+03:00,"Jan 31 12:00:05 server sshd[1234]: Failed password for root from 192.168.1.100 port 22 ssh2",auth
083fa254-df66-4e0b-9527-a2aacf78c66d,AUTH-001-FAST,SSH yanlış parola denemesi,CRITICAL,SSH brute force denemesi tespit edildi,10.20.30.40,mustafa,2026-01-31T14:45:58+03:00,"Feb 01 15:00:00 server sshd[1234]: Failed password for mustafa from 10.20.30.40 port 22 ssh2",auth
9d65b3d8-c05c-4952-8df6-0e4abedf290f,AUTH-001-SLOW,SSH yanlış parola denemesi,CRITICAL,SSH brute force denemesi tespit edildi,10.20.30.40,mustafa,2026-01-31T14:45:58+03:00,"Feb 01 15:00:00 server sshd[1234]: Failed password for mustafa from 10.20.30.40 port 22 ssh2",auth
58d46059-e303-42e3-a796-c03e58c97c9f,AUTH-001-FAST,SSH yanlış parola denemesi,CRITICAL,SSH brute force denemesi tespit edildi,10.20.30.40,mustafa,2026-01-31T14:45:58+03:00,"Feb 01 15:00:00 server sshd[1234]: Failed password for mustafa from 10.20.30.40 port 22 ssh2",auth
ee2bc1dc-7aad-44bd-a302-bcbcddcb2ca0,AUTH-001-FAST,SSH yanlış parola denemesi,CRITICAL,SSH brute force denemesi tespit edildi,10.20.30.40,mustafa,2026-01-31T14:45:58+03:00,"Feb 01 15:00:00 server sshd[1234]: Failed password for mustafa from 10.20.30.40 port 22 ssh2",auth
f7b2c0ba-8484-43c8-8903-140ecc930322,AUTH-001-FAST,SSH yanlış parola denemesi,CRITICAL,SSH brute force denemesi tespit edildi,10.20.30.40,mustafa,2026-01-31T14:45:58+03:00,"Feb 01 15:00:00 server sshd[1234]: Failed password for mustafa from 10.20.30.40 port 22 ssh2",auth
7267db71-6915-417f-8954-f03a4b023a0c,AUTH-001-FAST,SSH yanlış parola denemesi,CRITICAL,SSH brute force denemesi tespit edildi,10.20.30.40,mustafa,2026-01-31T14:45:58+03:00,"Feb 01 15:00:00 server sshd[1234]: Failed password for mustafa from 10.20.30.40 port 22 ssh2",auth
a83e692b-b86d-426e-9fed-b1ca08d45cf0,AUTH-001-FAST,SSH yanlış parola denemesi,CRITICAL,SSH brute force denemesi tespit edildi,192.168.1.100,root,2026-01-31T15:03:52+03:00,"Jan 31 12:00:05 server sshd[1234]: Failed password for root from 192.168.1.100 port 22 ssh2",auth
2091283d-91c7-49f7-883f-7bfa0db598f6,AUTH-001-FAST,SSH yanlış parola denemesi,CRITICAL,SSH brute force denemesi tespit edildi,10.20.30.40,mustafa,2026-01-31T15:03:52+03:00,"Feb 01 15:00:00 server sshd[1234]: Failed password for mustafa from 10.20.30.40 port 22 ssh2",auth
059e4938-d4f9-4313-9325-32f278ffc1e5,AUTH-001-FAST,SSH yanlış parola denemesi,CRITICAL,SSH brute force denemesi tespit edildi,10.20.30.40,mustafa,2026-01-31T15:03:52+03:00,"Feb 01 15:00:00 server sshd[1234]: Failed password for mustafa from 10.20.30.40 port 22 ssh2",auth
458ded59-848f-43fb-8dfc-00dbacc64287,AUTH-001-FAST,SSH yanlış parola denemesi,CRITICAL,SSH brute force denemesi tespit edildi,10.20.30.40,mustafa,2026-01-31T15:03:52+03:00,"Feb 01 15:00:00 server sshd[1234]: Failed password for mustafa from 10.20.30.40 port 22 ssh2",auth
1561cd22-ae7c-49bd-8f11-90dd00830764,AUTH-001-FAST,SSH yanlış parola denemesi,CRITICAL,SSH brute force denemesi tespit edildi,10.20.30.40,mustafa,2026-01-31T15:03:53+03:00,"Feb 01 15:00:00 server sshd[1234]: Failed password for mustafa from 10.20.30.40 port 22 ssh2",auth
0b60e731-7788-42ee-b86b-ec002411d9c4,NGINX-CRITICAL-FILE-ACCESS,Kritik Yapılandırma Dosyası Erişimi (.env / .git),CRITICAL,Kritik yapılandırma dosyasına erişim denemesi tespit edildi,192.168.1.50,,2026-01-31T15:04:17+03:00,"192.168.1.50 - - [31/Jan/2026:12:00:00 +0300] ""GET /admin/.env HTTP/1.1"" 404 123 ""-"" ""Mozilla/5.0""",nginx
d28e57a4-6366-408a-b40c-6c64c1bcf28d,NGINX-WEB-ATTACK,Olası Web Saldırısı - SQLi /LFI / XSS Girişimi,CRITICAL,Olası web saldırısı tespit edildi (SQLi /LFI / XSS Girişimi),192.168.1.50,,2026-01-31T15:04:17+03:00,"192.168.1.50 - - [31/Jan/2026:12:00:02 +0300] ""GET /?id=1 UNION SELECT 1,2,3"" 200 500 ""-"" ""Mozilla/5.0""",nginx
e5e5f16f-9752-44b0-9224-18f60f52bdff,NGINX-WEB-ATTACK,Olası Web Saldırısı - SQLi /LFI / XSS Girişimi,CRITICAL,Olası web saldırısı tespit edildi (SQLi /LFI / XSS Girişimi),192.168.1.50,,2026-01-31T15:04:17+03:00,"192.168.1.50 - - [31/Jan/2026:12:00:02 +0300] ""GET /?id=1 UNION SELECT 1,2,3"" 200 500 ""-"" ""Mozilla/5.0""",nginx
468385cd-31d1-4a61-8f62-74b845484ce0,NGINX-WEB-ATTACK,Olası Web Saldırısı - SQLi /LFI / XSS Girişimi,CRITICAL,Olası web saldırısı tespit edildi (SQLi /LFI / XSS Girişimi),192.168.1.50,,2026-01-31T15:04:17+03:00,"192.168.1.50 - - [31/Jan/2026:12:00:02 +0300] ""GET /?id=1 UNION SELECT 1,2,3"" 200 500 ""-"" ""Mozilla/5.0""",nginx
b70ec488-7328-417f-bbc5-f63eb611e878,NGINX-WEB-ATTACK,Olası Web Saldırısı - SQLi /LFI / XSS Girişimi,CRITICAL,Olası web saldırısı tespit edildi (SQLi /LFI / XSS Girişimi),192.168.1.50,,2026-01-31T15:04:17+03:00,"192.168.1.50 - - [31/Jan/2026:12:00:02 +0300] ""GET /?id=1 UNION SELECT 1,2,3"" 200 500 ""-"" ""Mozilla/5.0""",nginx
709ba172-f413-46d7-af13-1cfc9175c7e8,NGINX-WEB-ATTACK,Olası Web Saldırısı - SQLi /LFI / XSS Girişimi,CRITICAL,Olası web saldırısı tespit edildi (SQLi /LFI / XSS Girişimi),192.168.1.50,,2026-01-31T15:04:17+03:00,"192.168.1.50 - - [31/Jan/2026:12:00:02 +0300] ""GET /?id=1 UNION SELECT 1,2,3"" 200 500 ""-"" ""Mozilla/5.0""",nginx
ed3486aa-fdeb-44ea-aad6-d6d0fb92979b,NGINX-WEB-ATTACK,Olası Web Saldırısı - SQLi /LFI / XSS Girişimi,CRITICAL,Olası web saldırısı tespit edildi (SQLi /LFI / XSS Girişimi),192.168.1.50,,2026-01-31T15:04:17+03:00,"192.168.1.50 - - [31/Jan/2026:12:00:02 +0300] ""GET /?id=1 UNION SELECT 1,2,3"" 200 500 ""-"" ""Mozilla/5.0""",nginx
fee8811b-b026-4973-a605-390a648ad3e3,NGINX-WEB-ATTACK,Olası Web Saldırısı - SQLi /LFI / XSS Girişimi,CRITICAL,Olası web saldırısı tespit edildi (SQLi /LFI / XSS Girişimi),192.168.1.50,,2026-01-31T15:04:17+03:00,"192.168.1.50 - - [31/Jan/2026:12:00:02 +0300] ""GET /?id=1 UNION SELECT 1,2,3"" 200 500 ""-"" ""Mozilla/5.0""",nginx
7f7cec57-0cfc-4acb-b6eb-db41ff5f2348,NGINX-WEB-ATTACK,Olası Web Saldırısı - SQLi /LFI / XSS Girişimi,CRITICAL,Olası web saldırısı tespit edildi (SQLi /LFI / XSS Girişimi),192.168.1.50,,2026-01-31T15:04:19+03:00,"192.168.1.50 - - [31/Jan/2026:12:00:02 +0300] ""GET /?id=1 UNION SELECT 1,2,3"" 200 500 ""-"" ""Mozilla/5.0""",nginx
3c67262d-00f2-42bb-9ef1-5eb128988b0f,NGINX-WEB-ATTACK,Olası Web Saldırısı - SQLi /LFI / XSS Girişimi,CRITICAL,Olası web saldırısı tespit edildi (SQLi /LFI / XSS Girişimi),192.168.1.50,,2026-01-31T15:04:21+03:00,"192.168.1.50 - - [31/Jan/2026:12:00:02 +0300] ""GET /?id=1 UNION SELECT 1,2,3"" 200 500 ""-"" ""Mozilla/5.0""",nginx
7e87110c-3c3c-4a0a-b261-2f8c5a4fe9d5,NGINX-WEB-ATTACK,Olası Web Saldırısı - SQLi /LFI / XSS Girişimi,CRITICAL,Olası web saldırısı tespit edildi (SQLi /LFI / XSS Girişimi),192.168.1.50,,2026-01-31T15:04:19+03:00,"192.168.1.50 - - [31/Jan/2026:12:00:02 +0300] ""GET /?id=1 UNION SELECT 1,2,3"" 200 500 ""-"" ""Mozilla/5.0""",nginx
6dca0943-d315-4223-b0ec-39fb07687222,NGINX-WEB-ATTACK,Olası Web Saldırısı - SQLi /LFI / XSS Girişimi,CRITICAL,Olası web saldırısı tespit edildi (SQLi /LFI / XSS Girişimi),192.168.1.50,,2026-01-31T15:04:21+03:00,"192.168.1.50 - - [31/Jan/2026:12:00:02 +0300] ""GET /?id=1 UNION SELECT 1,2,3"" 200 500 ""-"" ""Mozilla/5.0""",nginx
ed7adc54-19f3-4ac7-882f-28658a32a017,NGINX-WEB-ATTACK,Olası Web Saldırısı - SQLi /LFI / XSS Girişimi,CRITICAL,Olası web saldırısı tespit edildi (SQLi /LFI / XSS Girişimi),192.168.1.50,,2026-01-31T15:04:22+03:00,"192.168.1.50 - - [31/Jan/2026:12:00:02 +0300] ""GET /?id=1 UNION SELECT 1,2,3"" 200 500 ""-"" ""Mozilla/5.0""",nginx
bf78472e-d999-472c-b546-f87b5be7c4d7,NGINX-WEB-ATTACK,Olası Web Saldırısı - SQLi /LFI / XSS Girişimi,CRITICAL,Olası web saldırısı tespit edildi (SQLi /LFI / XSS Girişimi),192.168.1.50,,2026-01-31T15:04:23+03:00,"192.168.1.50 - - [31/Jan/2026:12:00:02 +0300] ""GET /?id=1 UNION SELECT 1,2,3"" 200 500 ""-"" ""Mozilla/5.0""",nginx
93336ebc-c537-42d2-b5b1-0b6353fa055a,NGINX-WEB-ATTACK,Olası Web Saldırısı - SQLi /LFI / XSS Girişimi,CRITICAL,Olası web saldırısı tespit edildi (SQLi /LFI / XSS Girişimi),192.168.1.50,,2026-01-31T15:04:24+03:00,"192.168.1.50 - - [31/Jan/2026:12:00:02 +0300] ""GET /?id=1 UNION SELECT 1,2,3"" 200 500 ""-"" ""Mozilla/5.0""",nginx
158f9fee-d2e2-4b06-aaef-99cfeadebf08,NGINX-WEB-ATTACK,Olası Web Saldırısı - SQLi /LFI / XSS Girişimi,CRITICAL,Olası web saldırısı tespit edildi (SQLi /LFI / XSS Girişimi),192.168.1.50,,2026-01-31T15:04:24+03:00,"192.168.1.50 - - [31/Jan/2026:12:00:02 +0300] ""GET /?id=1 UNION SELECT 1,2,3"" 200 500 ""-"" ""Mozilla/5.0""",nginx
ac698582-fe74-425a-bf6b-1582250cd2d7,NGINX-CRITICAL-FILE-ACCESS,Kritik Yapılandırma Dosyası Erişimi (.env / .git),CRITICAL,Kritik yapılandırma dosyasına erişim denemesi tespit edildi,192.168.1.50,,2026-01-31T15:05:27+03:00,"192.168.1.50 - - [31/Jan/2026:12:00:00 +0300] ""GET /admin/.env HTTP/1.1"" 404 123 ""-"" ""Mozilla/5.0""",nginx
c6ab2e3e-4dea-4a14-b874-c91d9eb5a9ec,NGINX-WEB-ATTACK,Olası Web Saldırısı - SQLi /LFI / XSS Girişimi,CRITICAL,Olası web saldırısı tespit edildi (SQLi /LFI / XSS Girişimi),192.168.1.50,,2026-01-31T15:05:27+03:00,"192.168.1.50 - - [31/Jan/2026:12:00:02 +0300] ""GET /?id=1 UNION SELECT 1,2,3"" 200 500 ""-"" ""Mozilla/5.0""",nginx
c0fb2561-e617-4659-ab15-d13be7aa86fa,NGINX-WEB-ATTACK,Olası Web Saldırısı - SQLi /LFI / XSS Girişimi,CRITICAL,Olası web saldırısı tespit edildi (SQLi /LFI / XSS Girişimi),192.168.1.50,,2026-01-31T15:05:27+03:00,"192.168.1.50 - - [31/Jan/2026:12:00:02 +0300] ""GET /?id=1 UNION SELECT 1,2,3"" 200 500 ""-"" ""Mozilla/5.0""",nginx
f68078ca-c16a-4cfc-a48b-3255bc7b217d,NGINX-CRITICAL-FILE-ACCESS,Kritik Yapılandırma Dosyası Erişimi (.env / .git),CRITICAL,Kritik yapılandırma dosyasına erişim denemesi tespit edildi,192.168.1.50,,2026-01-31T15:05:41+03:00,"192.168.1.50 - - [31/Jan/2026:12:00:00 +0300] ""GET /admin/.env HTTP/1.1"" 404 123 ""-"" ""Mozilla/5.0""",nginx
8c9b3671-905b-488d-9cc6-20e777054736,AUTH-001-FAST,SSH yanlış parola denemesi,CRITICAL,SSH brute force denemesi tespit edildi,192.168.1.100,root,2026-01-31T15:05:41+03:00,"Jan 31 12:00:05 server sshd[1234]: Failed password for root from 192.168.1.100 port 22 ssh2",auth
27aa4db0-677e-4f56-a174-e217d43ac3b2,NGINX-WEB-ATTACK,Olası Web Saldırısı - SQLi /LFI / XSS Girişimi,CRITICAL,Olası web saldırısı tespit edildi (SQLi /LFI / XSS Girişimi),192.168.1.50,,2026-01-31T15:05:41+03:00,"192.168.1.50 - - [31/Jan/2026:12:00:02 +0300] ""GET /?id=1 UNION SELECT 1,2,3"" 200 500 ""-"" ""Mozilla/5.0""",nginx
54bae932-3eb9-4c5b-b609-973374ac2cd4,AUTH-001-FAST,SSH yanlış parola denemesi,CRITICAL,SSH brute force denemesi tespit edildi,10.20.30.40,mustafa,2026-01-31T15:05:41+03:00,"Feb 01 15:00:00 server sshd[1234]: Failed password for mustafa from 10.20.30.40 port 22 ssh2",auth
935501f5-a8b6-4344-9396-9303680780d4,NGINX-WEB-ATTACK,Olası Web Saldırısı - SQLi /LFI / XSS Girişimi,CRITICAL,Olası web saldırısı tespit edildi (SQLi /LFI / XSS Girişimi),192.168.1.50,,2026-01-31T15:05:41+03:00,"192.168.1.50 - - [31/Jan/2026:12:00:02 +0300] ""GET /?id=1 UNION SELECT 1,2,3"" 200 500 ""-"" ""Mozilla/5.0""",nginx
31901e38-c950-4b2a-8e4b-ff0dbbceedb8,AUTH-001-FAST,SSH yanlış parola denemesi,CRITICAL,SSH brute force denemesi tespit edildi,10.20.30.40,mustafa,2026-01-31T15:05:41+03:00,"Feb 01 15:00:00 server sshd[1234]: Failed password for mustafa from 10.20.30.40 port 22 ssh2",auth
691db809-834c-43e3-925d-c3867c8e824e,AUTH-001-FAST,SSH yanlış parola denemesi,CRITICAL,SSH brute force denemesi tespit edildi,10.20.30.40,mustafa,2026-01-31T15:05:41+03:00,"Feb 01 15:00:00 server sshd[1234]: Failed password for mustafa from 10.20.30.40 port 22 ssh2",auth
813efeb1-9d87-4bc7-a1ac-29e192a4a3de,AUTH-001-FAST,SSH yanlış parola denemesi,CRITICAL,SSH brute force denemesi tespit edildi,10.20.30.40,mustafa,2026-01-31T15:05:41+03:00,"Feb 01 15:00:00 server sshd[1234]: Failed password for mustafa from 10.20.30.40 port 22 ssh2",auth
3d4806ed-89bc-42f3-bb20-50e656e840a3,AUTH-001-FAST,SSH yanlış parola denemesi,CRITICAL,SSH brute force denemesi tespit edildi,192.168.1.100,root,2026-01-31T15:07:20+03:00,"n 31 12:00:03 server sshd[1234]: Failed password for root from 192.168.1.100 port 22 ssh2",auth
19474cc3-e07b-42fa-b27a-52ae93bc0f4f,AUTH-001-FAST,SSH yanlış parola denemesi,CRITICAL,SSH brute force denemesi tespit edildi,192.168.1.100,root,2026-01-31T15:07:36+03:00,"n 31 12:00:03 server sshd[1234]: Failed password for root from 192.168.1.100 port 22 ssh2",auth
5f101a2f-340a-4043-9653-b786433e63b6,NGINX-WEB-ATTACK,Olası Web Saldırısı - SQLi /LFI / XSS Girişimi,CRITICAL,Olası web saldırısı tespit edildi (SQLi /LFI / XSS Girişimi),2.168.1.50,,2026-01-31T15:07:45+03:00,"2.168.1.50 - - [31/Jan/2026:12:00:02 +0300] ""GET /?id=1 UNION SELECT 1,2,3"" 200 500 ""-"" ""Mozilla/5.0""",nginx
9d1d07c1-6d46-4c8e-ad84-4b45701173d2,NGINX-CRITICAL-FILE-ACCESS,Kritik Yapılandırma Dosyası Erişimi (.env / .git),CRITICAL,Kritik yapılandırma dosyasına erişim denemesi tespit edildi,2.168.1.50,,2026-01-31T15:07:57+03:00,"2.168.1.50 - - [31/Jan/2026:12:00:00 +0300] ""GET /admin/.env HTTP/1.1"" 404 123 ""-"" ""Mozilla/5.0""",nginx
aef29785-f18d-4558-87db-b813d072cbf9,NGINX-CRITICAL-FILE-ACCESS,Kritik Yapılandırma Dosyası Erişimi (.env / .git),CRITICAL,Kritik yapılandırma dosyasına erişim denemesi tespit edildi,192.168.1.50,,2026-01-31T15:40:23+03:00,"192.168.1.50 - - [31/Jan/2026:12:00:00 +0300] ""GET /admin/.env HTTP/1.1"" 404 123 ""-"" ""Mozilla/5.0""",nginx
493e6d22-e6e5-4b4f-8d36-b5a618c1bc78,AUTH-001-FAST,SSH yanlış parola denemesi,CRITICAL,SSH brute force denemesi tespit edildi,192.168.1.100,root,2026-01-31T15:40:23+03:00,"Jan 31 12:00:03 server sshd[1234]: Failed password for root from 192.168.1.100 port 22 ssh2",auth
fa9579bb-9db6-426b-bb5c-aca040c829f4,NGINX-WEB-ATTACK,Olası Web Saldırısı - SQLi /LFI / XSS Girişimi,CRITICAL,Olası web saldırısı tespit edildi (SQLi /LFI / XSS Girişimi),192.168.1.50,,2026-01-31T15:40:23+03:00,"192.168.1.50 - - [31/Jan/2026:12:00:02 +0300] ""GET /?id=1 UNION SELECT 1,2,3"" 200 500 ""-"" ""Mozilla/5.0""",nginx
21b59f7f-2ff3-485d-9d7c-410233c6ec28,AUTH-001-FAST,SSH yanlış parola denemesi,CRITICAL,SSH brute force denemesi tespit edildi,192.168.1.100,root,2026-01-31T15:40:23+03:00,"Jan 31 12:00:03 server sshd[1234]: Failed password for root from 192.168.1.100 port 22 ssh2",auth
5d5c4d95-6540-4630-95cb-211e800b1207,NGINX-WEB-ATTACK,Olası Web Saldırısı - SQLi /LFI / XSS Girişimi,CRITICAL,Olası web saldırısı tespit edildi (SQLi /LFI / XSS Girişimi),192.168.1.50,,2026-01-31T15:40:23+03:00,"192.168.1.50 - - [31/Jan/2026:12:00:02 +0300] ""GET /?id=1 UNION SELECT 1,2,3"" 200 500 ""-"" ""Mozilla/5.0""",nginx
2a2969cf-f8b4-43c3-a94a-416c7a13a9ac,NGINX-CRITICAL-FILE-ACCESS,Kritik Yapılandırma Dosyası Erişimi (.env / .git),CRITICAL,Kritik yapılandırma dosyasına erişim denemesi tespit edildi,192.168.1.50,,2026-01-31T15:40:23+03:00,"192.168.1.50 - - [31/Jan/2026:12:00:00 +0300] ""GET /admin/.env HTTP/1.1"" 404 123 ""-"" ""Mozilla/5.0""",nginx
fb0d99e4-7dc9-430d-b29e-2ca81727d4c4,AUTH-001-FAST,SSH yanlış parola denemesi,CRITICAL,SSH brute force denemesi tespit edildi,192.168.1.100,root,2026-01-31T15:43:57+03:00,"Jan 31 12:00:03 server sshd[1234]: Failed password for root from 192.168.1.100 port 22 ssh2",auth
b2ee1590-4a02-4fae-bdaa-0027097f6319,NGINX-CRITICAL-FILE-ACCESS,Kritik Yapılandırma Dosyası Erişimi (.env / .git),CRITICAL,Kritik yapılandırma dosyasına erişim denemesi tespit edildi,192.168.1.50,,2026-01-31T15:43:57+03:00,"192.168.1.50 - - [31/Jan/2026:12:00:00 +0300] ""GET /admin/.env HTTP/1.1"" 404 123 ""-"" ""Mozilla/5.0""",nginx
8181b26f-900f-4913-b059-d72640209755,AUTH-001-FAST,SSH yanlış parola denemesi,CRITICAL,SSH brute force denemesi tespit edildi,192.168.1.100,root,2026-01-31T15:43:57+03:00,"Jan 31 12:00:03 server sshd[1234]: Failed password for root from 192.168.1.100 port 22 ssh2",auth
f8c5d071-b7b1-4a80-b04d-8185fad08da2,NGINX-WEB-ATTACK,Olası Web Saldırısı - SQLi /LFI / XSS Girişimi,CRITICAL,Olası web saldırısı tespit edildi (SQLi /LFI / XSS Girişimi),192.168.1.50,,2026-01-31T15:43:57+03:00,"192.168.1.50 - - [31/Jan/2026:12:00:02 +0300] ""GET /?id=1 UNION SELECT 1,2,3"" 200 500 ""-"" ""Mozilla/5.0""",nginx
d406e018-8c49-4031-9e9c-25813010b4d3,NGINX-WEB-ATTACK,Olası Web Saldırısı - SQLi /LFI / XSS Girişimi,CRITICAL,Olası web saldırısı tespit edildi (SQLi /LFI / XSS Girişimi),192.168.1.50,,2026-01-31T15:43:57+03:00,"192.168.1.50 - - [31/Jan/2026:12:00:02 +0300] ""GET /?id=1 UNION SELECT 1,2,3"" 200 500 ""-"" ""Mozilla/5.0""",nginx
11edd16c-4823-459e-b4b3-6884a3f731f3,NGINX-CRITICAL-FILE-ACCESS,Kritik Yapılandırma Dosyası Erişimi (.env / .git),CRITICAL,Kritik yapılandırma dosyasına erişim denemesi tespit edildi,192.168.1.50,,2026-01-31T15:43:57+03:00,"192.168.1.50 - - [31/Jan/2026:12:00:00 +0300] ""GET /admin/.env HTTP/1.1"" 404 123 ""-"" ""Mozilla/5.0""",nginx
4c137580-04db-4544-a75e-4814e5ffd6be,AUTH-001-FAST,SSH yanlış parola denemesi,CRITICAL,SSH brute force denemesi tespit edildi,192.168.1.100,root,2026-01-31T15:45:28+03:00,"Jan 31 12:00:03 server sshd[1234]: Failed password for root from 192.168.1.100 port 22 ssh2",auth
3849fd95-9532-4d25-8738-cada4e45d0dc,NGINX-CRITICAL-FILE-ACCESS,Kritik Yapılandırma Dosyası Erişimi (.env / .git),CRITICAL,Kritik yapılandırma dosyasına erişim denemesi tespit edildi,192.168.1.50,,2026-01-31T15:45:28+03:00,"192.168.1.50 - - [31/Jan/2026:12:00:00 +0300] ""GET /admin/.env HTTP/1.1"" 404 123 ""-"" ""Mozilla/5.0""",nginx
2221909e-c118-4d9a-8d3b-4f7f96de0474,AUTH-001-FAST,SSH yanlış parola denemesi,CRITICAL,SSH brute force denemesi tespit edildi,192.168.1.100,root,2026-01-31T15:45:28+03:00,"Jan 31 12:00:03 server sshd[1234]: Failed password for root from 192.168.1.100 port 22 ssh2",auth
b0e48675-5c42-4718-807e-e32fd0538b12,NGINX-WEB-ATTACK,Olası Web Saldırısı - SQLi /LFI / XSS Girişimi,CRITICAL,Olası web saldırısı tespit edildi (SQLi /LFI / XSS Girişimi),192.168.1.50,,2026-01-31T15:45:28+03:00,"192.168.1.50 - - [31/Jan/2026:12:00:02 +0300] ""GET /?id=1 UNION SELECT 1,2,3"" 200 500 ""-"" ""Mozilla/5.0""",nginx
0d15342a-92bc-40c6-8fb8-abe428c4a0fa,NGINX-WEB-ATTACK,Olası Web Saldırısı - SQLi /LFI / XSS Girişimi,CRITICAL,Olası web saldırısı tespit edildi (SQLi /LFI / XSS Girişimi),192.168.1.50,,2026-01-31T15:45:28+03:00,"192.168.1.50 - - [31/Jan/2026:12:00:02 +0300] ""GET /?id=1 UNION SELECT 1,2,3"" 200 500 ""-"" ""Mozilla/5.0""",nginx
9f79176c-e9b6-418f-8f3d-3fd567f3553a,NGINX-CRITICAL-FILE-ACCESS,Kritik Yapılandırma Dosyası Erişimi (.env / .git),CRITICAL,Kritik yapılandırma dosyasına erişim denemesi tespit edildi,192.168.1.50,,2026-01-31T15:45:28+03:00,"192.168.1.50 - - [31/Jan/2026:12:00:00 +0300] ""GET /admin/.env HTTP/1.1"" 404 123 ""-"" ""Mozilla/5.0""",nginx
